192.97.196.29,2025-05-05 22:02:34,/secret,500
103.52.81.5,2025-05-03 11:58:11,/download,302
102.191.171.216,2025-05-07 08:29:12,/api/data,401
141.85.36.15,2025-05-06 10:18:32,/about.html,301
128.102.4.159,2025-05-07 18:07:39,/about.html,302
141.201.85.85,2025-05-07 10:20:32,/download,200
121.84.46.48,2025-05-05 13:43:54,/login,302
177.164.74.158,2025-05-02 17:24:16,/about.html,301
130.254.242.4,2025-05-07 08:27:56,/api/user,200
11.212.171.76,2025-05-02 20:12:43,/services.html,302
57.125.64.142,2025-05-03 08:52:30,/api/update,403
130.134.97.102,2025-05-01 18:01:14,/fonts/font.woff,200
201.141.200.72,2025-05-07 03:26:13,/index.html,302
92.246.44.56,2025-05-02 04:06:27,/blog/post,302
251.81.48.120,2025-05-02 14:59:36,/api/create,200
57.171.142.69,2025-05-07 19:18:47,/api/update,400
20.84.116.29,2025-05-05 01:10:19,/api/data,400
109.184.120.152,2025-05-07 11:08:51,/api/create,200
23.74.242.57,2025-05-04 11:40:43,/blog/post,200
245.114.244.233,2025-05-05 16:09:37,/api/user,200
172.14.126.229,2025-05-06 09:23:27,/api/update,502
6.189.155.108,2025-05-05 19:10:40,/api/data,403
34.176.172.231,2025-05-01 14:02:54,/secret,502
224.37.172.192,2025-05-06 15:17:58,/api/update,404
65.38.225.169,2025-05-07 11:17:57,/api/update,404
136.114.63.45,2025-05-01 03:22:25,/api/update,400
23.71.44.158,2025-05-01 23:37:09,/images/logo.png,301
243.40.138.86,2025-05-07 06:00:51,/api/data,400
77.101.138.72,2025-05-03 03:24:36,/api/update,502
95.110.251.159,2025-05-05 08:42:21,/api/data,400
95.141.112.46,2025-05-05 08:12:18,/api/user,200
196.104.128.210,2025-05-03 21:34:32,/download,302
178.157.31.133,2025-05-05 15:24:45,/api/admin,200
40.39.175.49,2025-05-01 09:42:17,/nonexistent,403
192.232.60.65,2025-05-03 18:49:54,/js/app.js,301
77.95.99.101,2025-05-06 13:54:40,/api/admin,302
115.88.47.99,2025-05-05 03:13:05,/nonexistent,503
1.149.246.178,2025-05-06 03:43:41,/api/create,200
83.249.179.225,2025-05-01 04:47:02,/api/delete,401
164.232.221.12,2025-05-01 13:00:52,/css/styles.css,301
37.41.162.117,2025-05-03 06:35:26,/contact.html,200
254.208.93.5,2025-05-03 02:11:31,/images/banner.jpg,301
93.92.232.171,2025-05-05 20:30:46,/api/delete,401
214.63.242.162,2025-05-04 11:52:05,/api/admin,302
32.49.3.15,2025-05-07 17:14:41,/upload,500
31.10.242.187,2025-05-03 03:29:29,/api/user,302
74.232.151.120,2025-05-04 10:37:16,/api/update,400
231.18.28.80,2025-05-06 01:25:02,/fonts/font.woff,301
166.18.237.58,2025-05-07 06:22:33,/api/delete,500
170.31.101.54,2025-05-05 01:33:07,/download,302
181.36.208.99,2025-05-03 10:01:42,/products.html,302
215.247.109.9,2025-05-07 18:29:52,/blog,301
109.216.0.99,2025-05-05 09:50:36,/admin,503
108.49.94.127,2025-05-07 19:46:40,/upload,403
130.48.45.236,2025-05-05 02:22:02,/images/banner.jpg,200
117.122.30.148,2025-05-05 10:42:42,/api/user,301
1.94.134.128,2025-05-03 11:48:54,/download,200
38.170.157.2,2025-05-05 15:07:40,/dashboard,301
10.176.146.71,2025-05-04 17:47:27,/contact.html,301
203.250.59.128,2025-05-06 21:38:29,/api/data,400
1.146.249.230,2025-05-06 13:40:30,/api/update,401
133.132.28.197,2025-05-01 18:40:27,/products.html,200
57.59.82.177,2025-05-04 21:15:18,/css/styles.css,301
134.73.195.113,2025-05-06 19:03:56,/download,302
237.55.96.218,2025-05-01 06:37:54,/download,301
131.214.154.246,2025-05-06 08:56:00,/api/create,301
61.192.8.168,2025-05-06 18:56:38,/secret,500
54.225.28.226,2025-05-05 20:34:31,/api/create,200
58.254.178.149,2025-05-02 06:22:07,/upload,404
67.228.252.23,2025-05-03 13:30:50,/api/admin,200
48.102.177.31,2025-05-07 08:58:03,/secret,500
138.206.103.136,2025-05-04 15:44:53,/api/delete,500
91.198.212.136,2025-05-04 02:05:02,/about.html,302
52.95.59.5,2025-05-04 16:54:52,/api/update,404
176.237.182.123,2025-05-04 04:07:16,/api/create,200
142.42.107.56,2025-05-05 17:41:13,/api/user,302
132.241.36.156,2025-05-07 06:25:38,/logout,301
204.145.253.130,2025-05-03 04:56:11,/api/user,302
236.180.52.86,2025-05-01 07:15:04,/logout,302
74.134.142.67,2025-05-01 11:24:26,/api/data,500
53.60.171.131,2025-05-03 16:36:27,/images/logo.png,301
120.185.192.127,2025-05-03 23:29:44,/dashboard,200
167.230.60.91,2025-05-01 23:37:32,/images/logo.png,302
209.52.94.55,2025-05-03 10:36:55,/blog,301
13.165.41.79,2025-05-02 19:55:33,/services.html,302
172.153.222.41,2025-05-07 23:43:15,/api/user,302
114.13.98.56,2025-05-01 13:03:11,/api/data,404
149.96.237.167,2025-05-01 09:51:02,/contact.html,301
142.25.32.154,2025-05-07 00:54:02,/about.html,200
196.248.218.124,2025-05-06 15:40:51,/services.html,302
29.58.84.182,2025-05-01 03:37:53,/about.html,200
103.235.50.134,2025-05-02 23:57:07,/api/user,301
30.108.235.175,2025-05-07 16:43:38,/nonexistent,500
156.145.222.181,2025-05-01 12:52:54,/images/banner.jpg,302
35.49.170.92,2025-05-03 01:54:31,/dashboard,302
31.10.236.48,2025-05-04 08:44:57,/api/data,403
88.250.173.251,2025-05-04 10:45:21,/contact.html,302
161.197.146.104,2025-05-05 17:57:04,/search,301
42.49.138.67,2025-05-07 18:08:39,/secret,503
212.96.164.235,2025-05-03 09:57:34,/admin,400
15.144.229.92,2025-05-06 20:32:51,/about.html,302
37.83.171.20,2025-05-05 16:11:34,/api/create,302
8.49.225.61,2025-05-06 06:38:27,/logout,200
158.248.47.15,2025-05-04 02:22:30,/login,200
17.156.47.29,2025-05-04 19:30:47,/logout,302
240.133.228.52,2025-05-02 18:01:27,/secret,500
253.115.123.81,2025-05-01 14:07:20,/api/create,301
194.9.208.105,2025-05-05 05:50:52,/admin,404
130.177.182.65,2025-05-05 04:36:39,/api/admin,301
95.95.251.92,2025-05-04 19:32:03,/blog,200
201.173.2.40,2025-05-02 12:21:18,/api/data,502
77.232.101.204,2025-05-05 14:14:37,/api/user,301
2.50.184.67,2025-05-04 14:58:43,/upload,401
22.193.138.179,2025-05-02 22:39:46,/services.html,301
146.91.146.88,2025-05-05 07:52:41,/api/update,400
64.132.249.50,2025-05-06 00:27:06,/dashboard,200
13.94.110.146,2025-05-04 23:46:19,/api/delete,400
233.187.92.27,2025-05-03 08:21:33,/nonexistent,502
46.144.121.14,2025-05-03 11:04:08,/admin,400
8.177.125.7,2025-05-04 17:54:28,/js/app.js,301
133.81.195.87,2025-05-04 10:15:20,/blog,302
249.121.104.93,2025-05-01 06:16:38,/blog,301
13.201.96.188,2025-05-04 04:05:10,/js/app.js,302
189.100.245.150,2025-05-04 23:35:01,/api/update,404
99.154.130.226,2025-05-01 13:07:50,/images/banner.jpg,200
182.188.43.70,2025-05-04 16:46:48,/fonts/font.woff,302
78.0.104.44,2025-05-02 07:01:07,/admin,400
33.63.11.120,2025-05-07 19:05:13,/logout,301
196.229.55.242,2025-05-05 16:31:58,/contact.html,200
188.224.77.200,2025-05-01 21:07:28,/api/data,403
170.122.136.230,2025-05-07 15:30:18,/api/data,400
88.183.241.124,2025-05-01 20:00:20,/index.html,301
115.176.165.32,2025-05-01 11:25:49,/blog/post,200
45.144.218.110,2025-05-01 00:18:50,/api/create,301
250.15.80.90,2025-05-02 13:41:41,/blog/post,301
12.121.12.205,2025-05-03 12:26:53,/api/create,200
205.13.166.48,2025-05-02 13:01:32,/api/delete,400
149.214.7.24,2025-05-01 07:34:08,/api/delete,403
174.8.191.69,2025-05-06 13:42:34,/api/delete,404
35.24.24.239,2025-05-02 18:03:45,/download,200
239.227.80.187,2025-05-01 06:03:35,/api/admin,200
248.87.51.38,2025-05-03 02:31:37,/about.html,301
236.55.125.140,2025-05-01 02:32:45,/api/data,500
15.74.73.119,2025-05-04 05:21:34,/api/update,500
96.109.213.61,2025-05-03 18:51:21,/contact.html,200
40.21.69.8,2025-05-07 18:39:58,/download,302
133.143.8.131,2025-05-07 01:24:38,/blog/post,302
101.157.183.240,2025-05-04 08:59:39,/api/update,404
207.155.110.81,2025-05-06 23:34:51,/api/admin,302
99.95.224.73,2025-05-02 16:26:45,/api/admin,200
194.1.1.44,2025-05-03 19:19:11,/dashboard,302
97.46.50.85,2025-05-06 10:45:35,/logout,200
88.78.66.81,2025-05-03 10:26:48,/services.html,301
27.180.14.222,2025-05-03 22:08:43,/blog/post,301
107.141.4.160,2025-05-05 01:21:36,/admin,400
248.7.107.226,2025-05-04 05:19:12,/blog/post,302
206.129.231.28,2025-05-02 12:48:52,/images/banner.jpg,302
189.169.197.91,2025-05-04 23:42:26,/index.html,302
84.37.222.58,2025-05-07 20:27:50,/blog,200
209.112.38.150,2025-05-04 12:24:57,/dashboard,200
223.197.153.7,2025-05-07 01:35:20,/api/update,503
151.71.219.106,2025-05-04 03:28:00,/services.html,301
90.118.31.101,2025-05-05 09:47:16,/search,302
60.186.173.16,2025-05-04 20:46:20,/dashboard,200
105.244.43.78,2025-05-04 19:18:52,/dashboard,200
4.156.35.229,2025-05-03 02:20:23,/api/user,301
112.129.146.212,2025-05-05 06:34:24,/api/user,200
179.51.169.141,2025-05-03 23:54:27,/api/data,404
64.107.251.197,2025-05-06 08:47:32,/dashboard,301
181.235.19.141,2025-05-06 16:41:51,/api/data,400
130.173.54.203,2025-05-07 19:56:49,/search,302
23.70.36.221,2025-05-06 09:57:46,/index.html,200
82.249.237.70,2025-05-04 11:03:39,/admin,404
215.132.50.74,2025-05-02 03:59:21,/index.html,200
151.39.162.24,2025-05-06 08:34:28,/admin,503
220.86.17.79,2025-05-02 10:55:14,/download,200
253.77.194.77,2025-05-02 23:48:53,/css/styles.css,302
59.51.113.219,2025-05-06 08:14:31,/fonts/font.woff,301
241.157.39.16,2025-05-07 22:49:32,/download,302
91.76.138.180,2025-05-07 12:31:52,/admin,400
212.97.165.106,2025-05-06 18:44:28,/api/data,404
210.251.134.235,2025-05-06 10:44:17,/services.html,301
164.171.53.74,2025-05-03 22:59:32,/admin,400
215.247.103.236,2025-05-06 23:12:38,/secret,500
194.163.221.24,2025-05-01 10:45:39,/api/create,301
21.91.115.9,2025-05-02 18:24:18,/services.html,302
114.153.44.214,2025-05-04 01:18:28,/download,301
179.246.97.201,2025-05-04 20:17:48,/blog,301
238.57.183.23,2025-05-06 06:58:23,/api/data,503
246.51.194.165,2025-05-05 17:41:19,/fonts/font.woff,200
243.191.67.101,2025-05-01 19:02:32,/secret,500
116.140.183.115,2025-05-07 05:20:47,/about.html,200
107.236.202.208,2025-05-04 18:08:10,/api/data,404
138.35.229.231,2025-05-01 14:34:38,/api/update,502
109.236.64.105,2025-05-06 20:49:14,/api/data,403
1.39.121.194,2025-05-04 07:56:11,/about.html,200
244.44.7.145,2025-05-02 14:17:44,/secret,401
226.106.20.46,2025-05-01 15:55:47,/nonexistent,404
10.221.170.58,2025-05-03 02:20:23,/api/data,502
114.240.120.195,2025-05-07 17:09:52,/search,302
86.224.135.203,2025-05-06 12:07:00,/api/update,401
42.134.149.138,2025-05-03 07:24:41,/api/data,503
162.75.104.4,2025-05-02 05:31:28,/api/admin,302
163.12.95.244,2025-05-07 01:22:40,/admin,503
115.179.125.35,2025-05-07 04:15:28,/api/delete,403
223.8.133.18,2025-05-04 17:51:11,/api/update,500
78.193.160.138,2025-05-05 11:15:51,/images/banner.jpg,200
147.5.46.217,2025-05-02 07:04:06,/api/update,404
113.200.215.201,2025-05-01 18:17:42,/login,200
18.125.36.25,2025-05-06 05:12:44,/fonts/font.woff,302
13.19.193.18,2025-05-06 10:28:50,/images/logo.png,301
114.159.153.67,2025-05-03 18:02:37,/fonts/font.woff,302
91.80.96.115,2025-05-03 23:44:22,/images/banner.jpg,302
185.161.38.148,2025-05-04 15:48:10,/admin,401
198.156.16.125,2025-05-03 12:28:32,/upload,403
240.111.130.18,2025-05-01 22:17:17,/images/logo.png,200
61.54.112.201,2025-05-03 19:58:52,/api/update,404
241.11.33.43,2025-05-04 19:07:39,/secret,500
130.148.127.223,2025-05-03 04:20:28,/index.html,200
121.4.81.218,2025-05-03 15:17:28,/api/update,502
153.211.67.206,2025-05-04 15:20:03,/nonexistent,401
158.86.165.90,2025-05-07 20:15:31,/api/data,502
96.151.228.66,2025-05-07 19:23:01,/dashboard,301
4.183.74.154,2025-05-04 06:19:01,/search,302
212.50.100.178,2025-05-07 09:21:58,/fonts/font.woff,302
51.234.16.100,2025-05-02 01:04:47,/admin,401
231.188.78.201,2025-05-03 17:18:03,/secret,404
212.13.102.169,2025-05-05 10:45:17,/api/data,502
124.176.89.208,2025-05-04 10:26:57,/css/styles.css,302
231.213.239.63,2025-05-06 09:09:05,/api/data,403
110.126.22.27,2025-05-02 11:19:51,/js/app.js,200
215.202.122.251,2025-05-01 12:39:19,/fonts/font.woff,301
200.135.171.11,2025-05-03 18:48:22,/api/admin,302
28.85.80.247,2025-05-03 10:08:43,/api/update,400
76.94.80.181,2025-05-02 09:31:51,/about.html,302
108.53.92.23,2025-05-01 06:42:15,/images/logo.png,200
216.63.238.71,2025-05-07 06:36:37,/api/update,503
141.68.220.87,2025-05-04 07:10:05,/search,301
50.13.48.205,2025-05-04 08:01:13,/contact.html,302
118.99.187.100,2025-05-03 02:56:49,/products.html,200
48.137.92.237,2025-05-05 21:32:52,/admin,503
231.42.245.232,2025-05-02 15:19:51,/services.html,200
144.20.174.109,2025-05-07 04:29:17,/login,302
190.101.63.60,2025-05-01 22:13:09,/nonexistent,404
126.74.101.68,2025-05-01 04:55:25,/api/update,503
54.66.28.107,2025-05-04 01:37:38,/api/user,200
50.160.248.74,2025-05-06 10:13:04,/images/banner.jpg,301
144.150.115.19,2025-05-06 15:06:35,/admin,403
24.108.35.23,2025-05-03 14:53:24,/fonts/font.woff,200
12.123.92.171,2025-05-06 03:44:44,/download,200
189.69.187.100,2025-05-05 15:16:51,/contact.html,200
86.171.22.132,2025-05-06 14:01:11,/fonts/font.woff,302
59.76.89.141,2025-05-03 10:55:36,/api/delete,404
166.158.33.219,2025-05-02 07:38:58,/blog,301
248.146.185.210,2025-05-05 05:03:36,/fonts/font.woff,200
244.225.117.138,2025-05-04 14:35:18,/logout,302
146.247.90.76,2025-05-01 19:47:16,/index.html,302
150.57.75.66,2025-05-05 13:35:30,/api/data,503
187.124.152.130,2025-05-03 12:02:35,/images/logo.png,302
50.213.203.181,2025-05-02 03:06:08,/index.html,301
32.188.143.242,2025-05-02 10:54:29,/api/update,403
23.150.228.57,2025-05-07 07:20:50,/api/data,400
248.248.143.79,2025-05-04 18:00:57,/nonexistent,500
138.239.211.179,2025-05-04 01:21:51,/images/logo.png,302
171.76.106.148,2025-05-04 21:28:53,/search,302
48.211.24.170,2025-05-07 02:04:43,/login,200
99.123.245.20,2025-05-01 13:31:07,/logout,302
196.69.154.44,2025-05-01 01:16:45,/api/user,301
51.120.147.86,2025-05-01 14:20:06,/js/app.js,302
170.141.113.161,2025-05-07 00:28:07,/api/user,301
202.138.193.7,2025-05-02 15:31:42,/blog/post,302
11.158.158.137,2025-05-05 00:45:49,/api/update,400
233.87.102.72,2025-05-04 17:12:52,/blog,301
16.223.177.243,2025-05-07 17:40:27,/index.html,200
247.111.158.198,2025-05-06 08:36:48,/css/styles.css,301
158.138.23.133,2025-05-06 19:09:02,/blog,301
134.112.18.174,2025-05-06 20:54:48,/api/update,500
78.50.144.250,2025-05-01 12:48:16,/fonts/font.woff,301
4.250.52.70,2025-05-03 15:27:49,/contact.html,302
93.209.215.11,2025-05-03 02:18:37,/products.html,301
215.176.191.78,2025-05-04 15:47:20,/logout,301
20.184.250.169,2025-05-03 12:33:05,/blog,301
175.110.34.57,2025-05-01 16:03:40,/products.html,302
86.232.21.27,2025-05-01 04:10:33,/admin,404
242.118.177.143,2025-05-04 08:02:33,/contact.html,302
248.101.192.53,2025-05-06 07:10:26,/images/banner.jpg,301
173.90.67.136,2025-05-05 15:25:30,/api/data,500
134.17.198.248,2025-05-05 20:15:42,/logout,301
104.151.42.72,2025-05-05 11:53:59,/api/user,200
85.74.216.48,2025-05-01 15:04:55,/download,301
184.236.104.189,2025-05-07 10:01:44,/download,200
179.108.143.234,2025-05-05 01:01:40,/api/user,302
95.13.126.98,2025-05-06 12:58:53,/fonts/font.woff,301
216.203.40.41,2025-05-01 05:52:49,/admin,400
198.181.123.18,2025-05-03 14:28:14,/products.html,302
98.184.140.119,2025-05-01 04:34:12,/about.html,200
10.167.125.214,2025-05-03 04:21:17,/dashboard,200
251.132.159.198,2025-05-02 04:26:11,/contact.html,302
174.34.141.158,2025-05-01 13:01:11,/login,200
146.80.54.178,2025-05-01 20:40:29,/api/data,502
5.77.131.35,2025-05-07 06:06:20,/nonexistent,400
6.23.75.5,2025-05-05 00:42:24,/services.html,200
207.0.181.174,2025-05-07 14:38:35,/images/banner.jpg,200
6.241.137.139,2025-05-01 09:09:26,/api/delete,503
213.254.214.204,2025-05-05 13:35:08,/login,302
20.192.228.238,2025-05-01 08:15:59,/index.html,200
194.47.182.78,2025-05-02 20:54:15,/logout,200
76.200.221.111,2025-05-06 04:55:01,/index.html,301
170.161.219.127,2025-05-04 14:13:27,/about.html,301
95.157.76.103,2025-05-06 03:46:49,/index.html,200
228.47.16.41,2025-05-02 00:31:33,/upload,403
32.230.93.198,2025-05-06 06:36:42,/login,200
171.222.114.241,2025-05-07 16:46:33,/services.html,301
129.219.154.82,2025-05-06 08:21:53,/api/data,503
194.253.125.69,2025-05-02 05:43:26,/secret,400
129.210.7.87,2025-05-02 08:54:32,/logout,200
210.58.129.62,2025-05-07 04:32:09,/api/data,503
109.19.210.210,2025-05-03 08:52:04,/contact.html,301
254.66.20.233,2025-05-07 13:30:05,/admin,502
15.54.231.72,2025-05-03 09:06:16,/api/create,301
44.254.7.92,2025-05-01 16:04:50,/css/styles.css,200
13.150.183.129,2025-05-07 22:41:21,/api/create,200
21.245.110.96,2025-05-02 13:56:19,/secret,400
110.209.238.54,2025-05-03 06:10:48,/api/update,403
233.86.226.62,2025-05-03 12:19:00,/about.html,302
171.37.227.242,2025-05-03 16:57:49,/api/update,401
110.118.187.103,2025-05-03 19:11:52,/js/app.js,302
145.101.171.85,2025-05-01 06:13:16,/images/banner.jpg,200
89.45.163.123,2025-05-04 04:06:37,/api/data,404
111.196.243.134,2025-05-01 06:41:35,/api/admin,200
71.128.214.129,2025-05-06 15:58:58,/fonts/font.woff,200
147.233.89.26,2025-05-07 20:55:35,/api/user,302
93.214.11.134,2025-05-01 12:43:18,/admin,500
72.112.39.6,2025-05-07 12:26:08,/upload,502
163.50.113.227,2025-05-07 19:47:26,/api/update,401
252.193.238.148,2025-05-01 05:02:59,/images/logo.png,302
106.85.20.76,2025-05-06 00:41:46,/download,302
83.159.217.230,2025-05-01 07:59:45,/api/data,502
36.221.249.216,2025-05-06 00:00:14,/search,301
213.197.111.245,2025-05-07 12:34:19,/products.html,302
113.235.86.209,2025-05-05 14:27:22,/logout,302
55.45.83.99,2025-05-01 04:35:46,/logout,200
138.252.136.204,2025-05-07 16:38:01,/admin,503
249.138.143.23,2025-05-03 12:45:17,/contact.html,302
84.76.45.75,2025-05-02 03:41:23,/images/banner.jpg,302
61.9.97.77,2025-05-06 21:30:19,/admin,404
130.106.43.34,2025-05-06 03:57:22,/css/styles.css,200
34.215.193.109,2025-05-03 17:05:00,/api/data,500
63.164.117.182,2025-05-06 05:46:25,/nonexistent,500
131.226.6.183,2025-05-02 11:34:21,/api/create,200
233.115.103.227,2025-05-07 07:40:41,/api/user,200
201.248.242.254,2025-05-03 00:18:18,/login,200
12.229.185.89,2025-05-07 23:00:07,/dashboard,301
167.48.185.158,2025-05-06 21:21:23,/about.html,200
150.25.92.38,2025-05-06 02:10:02,/search,200
63.171.253.87,2025-05-07 15:13:11,/api/data,503
144.43.207.81,2025-05-02 21:36:22,/css/styles.css,301
145.167.74.59,2025-05-05 14:24:23,/api/create,200
43.160.151.68,2025-05-05 13:08:00,/js/app.js,200
242.65.188.206,2025-05-07 13:22:06,/api/user,301
224.173.192.116,2025-05-02 07:36:10,/api/admin,200
220.151.34.114,2025-05-03 21:31:24,/products.html,301
21.160.16.154,2025-05-04 09:03:39,/api/delete,401
168.54.46.63,2025-05-03 23:37:01,/js/app.js,301
53.200.116.121,2025-05-01 12:09:47,/api/user,301
219.190.237.165,2025-05-02 09:02:07,/contact.html,301
136.51.136.112,2025-05-07 05:20:58,/api/create,200
38.175.124.31,2025-05-05 03:37:05,/api/delete,400
199.184.134.42,2025-05-01 21:44:35,/search,302
81.132.47.188,2025-05-05 17:42:35,/css/styles.css,302
66.71.219.43,2025-05-04 08:54:31,/api/delete,403
138.13.169.213,2025-05-04 14:27:27,/api/delete,500
178.165.159.86,2025-05-07 10:02:12,/logout,302
84.128.50.147,2025-05-01 04:26:10,/blog/post,200
246.243.158.115,2025-05-04 10:58:43,/admin,500
189.48.200.7,2025-05-03 10:21:00,/js/app.js,302
67.247.25.170,2025-05-06 17:10:02,/about.html,301
202.114.158.131,2025-05-05 09:42:47,/upload,404
191.97.165.146,2025-05-07 07:06:17,/images/logo.png,301
239.247.197.167,2025-05-02 08:23:25,/contact.html,200
217.214.234.61,2025-05-04 09:14:18,/fonts/font.woff,302
171.223.35.48,2025-05-01 02:15:41,/index.html,200
108.17.154.11,2025-05-06 12:14:51,/login,200
4.103.160.113,2025-05-04 17:46:13,/api/update,500
213.179.196.24,2025-05-03 08:38:20,/blog,200
188.127.114.60,2025-05-01 10:10:15,/js/app.js,302
128.249.218.209,2025-05-01 12:38:43,/api/update,400
55.117.103.182,2025-05-03 17:54:15,/fonts/font.woff,302
144.35.76.53,2025-05-03 05:49:51,/download,301
124.149.76.112,2025-05-06 03:47:13,/products.html,301
187.86.166.90,2025-05-01 05:48:38,/secret,401
98.88.55.205,2025-05-01 06:54:56,/blog/post,200
32.36.182.46,2025-05-05 20:36:05,/upload,400
178.102.114.82,2025-05-01 10:39:48,/blog,301
156.213.212.219,2025-05-05 09:44:20,/dashboard,301
118.239.236.246,2025-05-06 20:33:29,/js/app.js,302
212.15.26.247,2025-05-02 19:24:39,/download,301
74.218.12.28,2025-05-02 06:54:14,/css/styles.css,200
153.73.153.216,2025-05-07 05:12:37,/css/styles.css,200
45.28.4.47,2025-05-04 22:11:58,/css/styles.css,200
198.138.127.174,2025-05-05 22:58:50,/about.html,200
73.51.221.110,2025-05-05 10:37:29,/images/banner.jpg,301
142.95.82.169,2025-05-05 19:02:10,/index.html,301
240.248.177.118,2025-05-06 05:07:38,/admin,404
127.151.130.42,2025-05-03 17:16:53,/download,200
251.127.206.229,2025-05-03 22:58:09,/api/update,403
234.232.19.107,2025-05-02 08:19:33,/api/admin,301
103.30.209.236,2025-05-03 23:49:24,/search,302
164.120.240.71,2025-05-01 02:10:48,/api/data,503
161.140.113.195,2025-05-06 07:41:36,/search,200
10.169.204.237,2025-05-06 03:27:22,/api/data,502
198.125.224.187,2025-05-03 22:46:31,/css/styles.css,302
104.104.45.182,2025-05-01 15:14:51,/images/banner.jpg,302
192.36.231.176,2025-05-02 05:45:29,/api/admin,302
13.107.157.97,2025-05-06 21:22:18,/api/user,301
51.71.238.224,2025-05-07 17:23:30,/blog,301
58.71.162.237,2025-05-04 12:43:45,/services.html,302
246.206.228.72,2025-05-03 14:58:38,/blog,200
254.241.150.127,2025-05-05 11:17:50,/api/data,503
171.220.96.221,2025-05-06 02:22:43,/api/data,500
167.175.17.60,2025-05-04 03:11:10,/api/delete,403
91.16.27.139,2025-05-01 14:35:44,/download,301
158.74.235.67,2025-05-04 22:38:59,/services.html,302
26.45.49.187,2025-05-04 03:22:11,/blog/post,301
50.232.181.68,2025-05-06 11:40:58,/api/user,301
204.70.8.26,2025-05-06 13:25:55,/api/create,301
186.226.209.59,2025-05-04 02:48:54,/login,301
208.64.136.39,2025-05-01 16:50:14,/index.html,200
178.22.167.237,2025-05-02 06:53:34,/about.html,200
221.48.117.229,2025-05-04 16:31:22,/api/admin,301
58.2.143.196,2025-05-01 06:10:29,/images/banner.jpg,302
72.79.91.70,2025-05-06 23:12:03,/blog/post,302
98.95.114.133,2025-05-02 06:17:54,/js/app.js,200
245.151.234.124,2025-05-02 08:44:31,/api/data,503
93.137.191.89,2025-05-02 00:30:42,/api/update,502
4.156.45.125,2025-05-07 04:44:14,/api/delete,404
228.54.249.90,2025-05-04 16:50:29,/images/logo.png,301
127.156.43.171,2025-05-05 15:22:02,/blog/post,200
134.38.214.9,2025-05-01 16:19:23,/fonts/font.woff,200
207.53.92.27,2025-05-07 23:37:29,/api/data,404
153.191.71.180,2025-05-03 04:14:51,/fonts/font.woff,200
136.160.122.26,2025-05-05 09:07:30,/api/data,404
9.166.93.80,2025-05-02 11:03:12,/images/logo.png,301
114.5.22.41,2025-05-06 11:13:22,/api/data,401
140.246.94.235,2025-05-06 14:06:42,/download,301
198.159.105.99,2025-05-07 02:47:11,/api/data,502
151.45.54.195,2025-05-02 07:53:02,/api/data,502
248.170.156.32,2025-05-02 19:13:53,/contact.html,301
72.233.90.248,2025-05-06 06:37:57,/api/create,200
86.240.218.19,2025-05-01 21:57:24,/api/data,502
243.151.125.239,2025-05-01 11:07:45,/images/logo.png,301
230.121.161.111,2025-05-07 08:02:12,/services.html,301
191.134.120.165,2025-05-07 13:39:45,/admin,503
179.165.250.37,2025-05-02 14:13:59,/services.html,200
71.184.131.160,2025-05-06 14:48:16,/logout,200
161.95.16.170,2025-05-02 16:36:24,/api/delete,400
13.192.32.214,2025-05-05 04:25:32,/services.html,302
20.5.218.164,2025-05-06 01:30:00,/login,200
213.19.40.167,2025-05-03 13:09:40,/dashboard,302
12.204.47.40,2025-05-03 06:36:52,/images/logo.png,301
132.4.128.149,2025-05-05 07:57:54,/blog/post,302
189.42.119.132,2025-05-05 14:06:13,/search,301
167.233.238.153,2025-05-07 19:37:06,/api/delete,404
114.30.162.196,2025-05-02 15:29:50,/api/admin,302
61.35.186.15,2025-05-03 01:15:24,/api/data,502
174.75.13.89,2025-05-04 15:13:08,/api/update,403
154.191.0.250,2025-05-05 08:42:30,/logout,200
248.125.71.180,2025-05-04 17:08:32,/about.html,302
215.26.51.178,2025-05-03 08:30:26,/products.html,301
123.54.1.38,2025-05-04 04:10:18,/services.html,302
25.5.159.7,2025-05-04 08:37:47,/services.html,302
80.78.168.33,2025-05-02 03:02:49,/blog,302
26.9.228.170,2025-05-01 10:47:20,/download,302
223.214.81.23,2025-05-01 19:51:46,/api/data,502
37.221.169.49,2025-05-02 09:24:24,/download,302
35.4.244.28,2025-05-03 03:55:02,/contact.html,200
151.59.158.130,2025-05-03 04:09:25,/api/update,404
93.175.70.121,2025-05-05 16:04:52,/api/user,302
234.124.153.41,2025-05-07 22:15:20,/api/data,403
248.174.248.66,2025-05-06 08:48:06,/api/update,404
62.28.193.42,2025-05-03 20:43:47,/images/banner.jpg,200
47.186.159.104,2025-05-05 16:30:41,/api/data,401
64.74.147.229,2025-05-03 05:10:20,/api/data,500
85.219.153.138,2025-05-06 08:16:24,/css/styles.css,200
4.111.225.142,2025-05-05 07:08:41,/blog,200
190.252.213.58,2025-05-01 19:37:50,/fonts/font.woff,301
100.202.4.129,2025-05-01 01:48:57,/api/delete,404
64.100.2.230,2025-05-07 22:07:36,/blog,301
43.210.220.40,2025-05-04 22:48:35,/services.html,301
246.141.176.232,2025-05-03 06:03:37,/css/styles.css,200
128.230.158.234,2025-05-01 05:58:22,/nonexistent,401
162.168.48.16,2025-05-04 19:12:01,/dashboard,200
41.133.122.4,2025-05-02 03:59:10,/api/create,301
92.198.213.46,2025-05-06 15:04:54,/blog/post,200
228.166.95.52,2025-05-03 20:33:52,/images/banner.jpg,302
215.213.74.39,2025-05-07 09:43:15,/logout,301
6.97.4.189,2025-05-04 01:55:33,/logout,200
15.62.163.128,2025-05-07 00:18:09,/css/styles.css,200
187.71.2.120,2025-05-07 12:39:31,/login,302
98.57.128.154,2025-05-04 17:27:57,/images/logo.png,200
59.212.232.195,2025-05-05 22:09:48,/fonts/font.woff,200
16.139.77.19,2025-05-01 13:02:16,/secret,404
31.68.254.92,2025-05-05 12:17:58,/api/delete,404
191.150.228.150,2025-05-04 04:41:23,/js/app.js,200
59.101.87.201,2025-05-04 20:28:11,/api/user,302
50.179.78.153,2025-05-04 00:05:17,/api/update,400
74.110.139.81,2025-05-03 19:19:58,/api/data,404
48.33.217.177,2025-05-07 02:16:57,/api/delete,400
114.94.139.111,2025-05-07 22:00:36,/api/delete,401
202.100.224.221,2025-05-05 09:29:43,/products.html,301
38.51.15.238,2025-05-04 16:55:45,/api/update,503
98.101.112.203,2025-05-07 00:26:02,/search,301
113.36.69.6,2025-05-02 12:48:47,/download,200
193.137.197.137,2025-05-03 13:51:10,/services.html,302
83.52.221.239,2025-05-07 20:07:54,/dashboard,302
228.37.125.184,2025-05-02 08:19:59,/api/update,502
213.159.29.48,2025-05-03 07:25:19,/images/banner.jpg,200
18.216.23.116,2025-05-05 15:01:45,/api/data,400
17.63.35.128,2025-05-01 15:56:11,/api/update,403
149.91.202.216,2025-05-06 07:17:05,/images/banner.jpg,301
136.69.87.167,2025-05-05 23:23:35,/api/data,400
252.111.32.15,2025-05-02 12:36:18,/api/create,301
154.24.177.71,2025-05-06 17:27:49,/products.html,301
178.123.235.205,2025-05-01 06:14:52,/api/data,401
67.166.156.75,2025-05-02 14:10:47,/logout,301
37.180.233.27,2025-05-05 01:44:01,/contact.html,302
219.195.54.131,2025-05-02 05:59:53,/secret,401
120.195.64.74,2025-05-01 11:24:21,/css/styles.css,200
34.186.46.25,2025-05-04 00:32:52,/api/admin,200
6.99.78.188,2025-05-04 09:39:55,/api/create,301
57.95.142.173,2025-05-06 07:32:18,/contact.html,302
144.164.198.19,2025-05-04 13:20:00,/nonexistent,401
122.210.41.50,2025-05-05 09:27:13,/secret,502
152.144.189.221,2025-05-01 21:45:54,/api/update,500
90.225.191.151,2025-05-07 04:35:05,/upload,502
208.89.34.17,2025-05-05 00:53:51,/blog,302
113.101.176.171,2025-05-06 01:35:40,/api/delete,502
68.110.229.201,2025-05-05 19:40:20,/fonts/font.woff,302
216.174.184.121,2025-05-07 02:30:14,/api/data,401
23.129.165.222,2025-05-07 15:38:40,/about.html,302
9.5.11.40,2025-05-06 10:00:22,/admin,400
49.157.220.117,2025-05-01 23:27:31,/dashboard,200
217.5.142.19,2025-05-02 13:33:51,/api/update,401
126.223.148.1,2025-05-05 13:53:17,/products.html,200
45.238.69.209,2025-05-02 13:45:18,/api/admin,301
183.57.117.83,2025-05-02 15:41:19,/images/banner.jpg,301
146.101.71.76,2025-05-03 00:11:24,/js/app.js,301
251.45.233.122,2025-05-03 12:49:35,/about.html,302
237.200.13.124,2025-05-04 05:46:18,/index.html,301
183.217.24.240,2025-05-01 00:34:04,/blog,200
137.72.139.229,2025-05-05 22:45:05,/search,302
60.151.209.68,2025-05-05 15:51:19,/api/create,301
153.186.173.10,2025-05-05 23:03:27,/api/delete,403
106.94.20.38,2025-05-04 05:50:49,/api/delete,401
174.184.141.165,2025-05-04 02:55:09,/images/logo.png,200
245.23.234.112,2025-05-07 06:53:09,/api/update,500
221.49.78.169,2025-05-02 13:57:42,/contact.html,301
169.252.99.124,2025-05-05 17:41:05,/nonexistent,401
176.193.93.247,2025-05-07 07:09:52,/services.html,301
109.102.195.31,2025-05-03 10:36:28,/secret,500
161.131.126.235,2025-05-02 00:27:26,/js/app.js,200
185.117.65.189,2025-05-02 22:26:57,/api/data,400
98.59.228.174,2025-05-01 15:38:15,/services.html,200
160.119.18.209,2025-05-06 23:07:27,/api/update,404
66.243.22.188,2025-05-03 13:04:28,/images/banner.jpg,302
226.125.44.44,2025-05-04 06:49:43,/images/banner.jpg,302
88.29.135.134,2025-05-04 16:10:48,/api/data,404
53.196.197.65,2025-05-05 10:44:05,/admin,401
58.151.92.231,2025-05-04 23:44:35,/fonts/font.woff,200
189.123.187.134,2025-05-01 17:20:54,/api/data,404
62.54.64.191,2025-05-06 22:02:47,/css/styles.css,301
118.205.232.33,2025-05-01 21:21:34,/api/admin,301
228.37.248.46,2025-05-02 02:59:11,/nonexistent,500
192.149.64.181,2025-05-05 06:48:11,/download,200
149.53.10.164,2025-05-04 16:36:50,/about.html,301
148.203.88.16,2025-05-04 04:13:16,/services.html,302
96.135.174.155,2025-05-01 07:48:12,/login,200
82.101.145.55,2025-05-05 02:29:54,/api/delete,400
97.191.176.250,2025-05-02 10:57:48,/api/delete,500
18.183.134.251,2025-05-04 07:01:24,/contact.html,200
231.197.99.136,2025-05-01 03:29:14,/blog/post,301
192.49.11.165,2025-05-06 18:39:48,/api/data,404
54.44.38.145,2025-05-05 00:25:40,/api/data,404
94.14.123.149,2025-05-03 20:54:53,/download,200
95.199.3.175,2025-05-05 10:13:11,/login,302
17.69.15.133,2025-05-06 09:05:29,/secret,401
18.158.13.237,2025-05-04 09:31:26,/css/styles.css,200
243.221.153.223,2025-05-01 11:54:45,/about.html,200
123.211.1.100,2025-05-03 01:54:36,/login,301
166.208.208.3,2025-05-06 13:46:21,/fonts/font.woff,301
89.226.169.63,2025-05-02 10:45:29,/blog/post,301
64.41.79.139,2025-05-03 22:43:03,/images/logo.png,302
144.77.44.199,2025-05-04 07:23:52,/about.html,200
190.130.226.37,2025-05-03 09:07:36,/images/banner.jpg,200
247.212.216.159,2025-05-02 17:19:45,/services.html,301
227.34.167.151,2025-05-03 13:22:43,/fonts/font.woff,302
212.231.157.54,2025-05-05 19:16:30,/api/delete,404
215.182.140.229,2025-05-07 02:16:33,/images/logo.png,302
215.215.250.160,2025-05-04 04:52:06,/api/update,503
90.13.152.213,2025-05-04 11:01:17,/admin,404
34.116.132.39,2025-05-01 22:48:59,/admin,401
61.76.176.131,2025-05-06 03:30:15,/api/delete,502
123.216.202.244,2025-05-03 02:12:25,/js/app.js,302
50.75.38.160,2025-05-03 11:55:36,/js/app.js,302
103.84.186.27,2025-05-05 17:34:59,/blog/post,301
250.187.119.134,2025-05-04 01:50:08,/api/update,404
197.38.159.64,2025-05-01 09:23:36,/images/logo.png,301
37.57.127.122,2025-05-06 00:54:21,/download,302
203.195.176.237,2025-05-06 08:30:41,/blog/post,301
122.233.47.79,2025-05-03 05:52:54,/admin,404
249.178.22.83,2025-05-03 02:44:59,/api/user,301
237.186.223.33,2025-05-04 23:54:45,/api/update,403
159.237.241.248,2025-05-03 08:20:23,/api/update,500
132.16.185.131,2025-05-01 09:59:41,/products.html,200
185.207.53.236,2025-05-06 17:35:06,/api/data,404
154.91.78.42,2025-05-01 05:31:57,/api/update,401
238.32.0.246,2025-05-02 07:15:18,/images/logo.png,302
229.231.71.244,2025-05-02 04:39:40,/contact.html,200
160.157.129.165,2025-05-02 04:11:09,/services.html,302
80.4.94.34,2025-05-05 23:36:34,/about.html,302
92.91.119.8,2025-05-05 18:59:31,/js/app.js,302
253.192.89.239,2025-05-01 09:59:53,/dashboard,301
199.90.29.105,2025-05-04 20:38:25,/about.html,301
63.224.218.232,2025-05-01 07:05:23,/api/update,400
96.110.4.49,2025-05-03 02:28:33,/secret,503
83.147.87.206,2025-05-04 11:44:33,/api/data,502
111.41.45.147,2025-05-06 06:16:53,/api/data,400
221.111.20.214,2025-05-02 01:10:31,/secret,400
41.50.34.137,2025-05-04 11:34:01,/blog/post,302
249.237.52.198,2025-05-06 00:26:20,/services.html,302
169.51.23.222,2025-05-07 11:35:43,/api/delete,502
33.232.7.103,2025-05-03 08:32:13,/about.html,301
182.102.171.102,2025-05-05 15:49:37,/nonexistent,502
100.225.206.46,2025-05-04 05:05:20,/api/update,403
215.32.100.39,2025-05-06 07:07:37,/js/app.js,200
173.190.29.152,2025-05-05 11:19:48,/index.html,302
90.131.24.198,2025-05-05 10:16:17,/nonexistent,401
30.59.165.99,2025-05-07 06:44:16,/images/banner.jpg,302
168.131.64.137,2025-05-04 13:22:19,/api/delete,400
81.186.81.96,2025-05-04 03:22:38,/images/banner.jpg,301
139.30.240.221,2025-05-07 11:43:37,/login,302
192.220.45.17,2025-05-03 12:52:29,/search,301
26.14.55.122,2025-05-05 00:27:23,/images/banner.jpg,302
103.216.30.218,2025-05-05 18:38:35,/services.html,200
40.253.98.157,2025-05-03 10:21:06,/blog/post,301
149.177.99.5,2025-05-01 09:33:18,/secret,401
177.254.188.80,2025-05-06 14:58:39,/products.html,302
175.72.128.248,2025-05-03 13:02:00,/api/admin,301
3.131.32.174,2025-05-03 03:49:44,/css/styles.css,301
98.213.43.4,2025-05-05 01:43:47,/api/data,502
184.196.250.142,2025-05-06 08:13:36,/api/data,500
178.243.51.202,2025-05-01 14:02:26,/api/update,401
210.111.132.211,2025-05-05 02:15:54,/blog/post,302
166.125.84.247,2025-05-07 02:28:50,/api/update,403
106.6.150.4,2025-05-05 00:08:27,/api/delete,503
1.250.249.150,2025-05-04 08:14:36,/fonts/font.woff,302
178.69.223.104,2025-05-01 20:46:56,/contact.html,200
136.230.188.204,2025-05-07 19:27:32,/images/logo.png,302
86.95.9.238,2025-05-01 07:52:14,/services.html,200
154.18.44.70,2025-05-05 10:13:33,/images/logo.png,302
81.250.199.33,2025-05-06 05:30:23,/images/banner.jpg,302
21.123.117.225,2025-05-02 06:00:11,/nonexistent,400
207.211.46.55,2025-05-01 09:26:09,/api/update,400
77.75.189.123,2025-05-02 11:18:51,/css/styles.css,200
41.252.147.225,2025-05-02 20:21:39,/admin,502
135.92.152.190,2025-05-02 07:31:59,/admin,404
218.10.236.55,2025-05-07 21:00:28,/contact.html,200
149.166.22.163,2025-05-07 04:41:01,/api/update,503
94.121.178.247,2025-05-07 06:17:58,/services.html,200
167.77.80.240,2025-05-05 06:02:25,/images/banner.jpg,301
59.207.11.184,2025-05-03 04:34:18,/api/update,400
93.23.160.111,2025-05-02 18:38:30,/images/logo.png,301
149.15.12.73,2025-05-01 13:55:54,/admin,503
235.2.15.72,2025-05-03 04:34:46,/search,301
41.57.210.163,2025-05-07 17:32:55,/api/create,302
28.161.46.49,2025-05-06 06:36:17,/api/data,403
188.3.86.134,2025-05-01 05:12:01,/api/data,403
223.10.78.48,2025-05-02 18:45:27,/images/logo.png,302
64.32.41.100,2025-05-02 05:36:11,/api/update,401
167.254.182.99,2025-05-01 14:07:47,/api/admin,301
249.20.0.82,2025-05-05 13:09:27,/css/styles.css,302
140.226.97.95,2025-05-04 03:37:22,/admin,400
120.29.12.139,2025-05-05 01:16:51,/secret,404
59.200.42.89,2025-05-06 16:12:06,/secret,503
152.106.199.182,2025-05-03 23:06:24,/api/delete,404
28.4.154.210,2025-05-01 08:20:50,/services.html,200
231.85.126.106,2025-05-04 22:53:45,/api/user,301
110.90.145.71,2025-05-07 15:50:06,/download,200
112.220.177.140,2025-05-04 08:25:34,/api/user,301
248.44.69.128,2025-05-02 06:55:57,/blog/post,200
220.130.29.93,2025-05-05 02:05:24,/about.html,302
72.120.75.219,2025-05-01 06:06:52,/css/styles.css,200
214.91.0.132,2025-05-02 01:14:51,/api/data,400
136.18.28.237,2025-05-02 06:00:46,/js/app.js,301
110.60.70.46,2025-05-06 23:25:35,/api/data,401
47.6.135.182,2025-05-05 10:15:00,/index.html,302
249.58.123.236,2025-05-02 14:35:54,/api/update,400
187.198.193.87,2025-05-04 19:40:48,/api/update,500
232.6.23.238,2025-05-02 09:09:53,/services.html,301
125.167.171.85,2025-05-06 14:44:19,/api/update,503
103.123.159.118,2025-05-05 12:10:35,/secret,403
237.249.171.244,2025-05-03 20:57:53,/nonexistent,404
241.119.201.246,2025-05-05 17:24:39,/dashboard,200
99.91.91.114,2025-05-06 13:15:50,/api/update,404
94.67.194.239,2025-05-05 14:14:39,/api/data,404
253.216.29.237,2025-05-01 21:00:08,/fonts/font.woff,301
127.26.254.184,2025-05-05 19:33:41,/images/banner.jpg,200
147.16.188.10,2025-05-01 18:26:14,/upload,401
9.231.100.47,2025-05-03 04:51:08,/about.html,302
43.182.170.222,2025-05-02 18:52:11,/api/update,404
37.60.43.126,2025-05-07 04:12:31,/api/data,502
12.104.63.178,2025-05-03 11:45:50,/products.html,301
100.4.78.180,2025-05-03 16:48:29,/api/admin,200
16.199.138.216,2025-05-02 23:44:39,/products.html,200
226.90.207.217,2025-05-03 04:19:17,/api/data,400
161.212.19.165,2025-05-02 00:06:42,/logout,302
190.203.36.93,2025-05-02 16:21:56,/contact.html,302
140.42.195.158,2025-05-04 20:52:58,/api/create,301
109.75.89.72,2025-05-05 09:13:42,/index.html,302
222.188.176.39,2025-05-01 20:42:17,/products.html,200
184.51.99.45,2025-05-02 12:27:12,/api/update,401
50.132.239.117,2025-05-07 06:03:14,/js/app.js,302
243.116.196.38,2025-05-06 08:02:43,/api/data,403
110.231.236.121,2025-05-04 19:19:50,/blog,301
126.77.106.209,2025-05-03 18:52:48,/contact.html,302
180.11.154.125,2025-05-04 10:18:02,/download,200
45.28.107.155,2025-05-04 00:02:06,/download,302
32.186.92.164,2025-05-03 21:48:00,/admin,401
199.230.227.151,2025-05-04 05:27:15,/blog,200
147.101.193.162,2025-05-05 08:21:15,/products.html,200
235.141.253.104,2025-05-01 04:17:36,/api/data,401
245.253.18.140,2025-05-03 21:22:26,/search,301
132.21.147.57,2025-05-03 21:04:16,/api/delete,404
84.4.97.29,2025-05-07 14:18:42,/images/banner.jpg,301
11.161.66.19,2025-05-02 06:23:14,/blog,302
45.222.227.182,2025-05-01 07:21:41,/index.html,302
40.244.133.6,2025-05-02 12:03:33,/js/app.js,301
118.172.231.248,2025-05-04 19:03:59,/index.html,302
74.129.96.28,2025-05-02 19:00:43,/api/data,502
171.211.134.230,2025-05-03 15:55:49,/api/user,200
144.93.66.254,2025-05-05 00:18:44,/logout,200
223.220.134.195,2025-05-04 01:47:44,/api/update,400
238.186.111.240,2025-05-06 19:07:00,/api/data,401
207.189.26.125,2025-05-05 10:48:09,/api/update,500
166.180.46.14,2025-05-07 10:55:58,/download,200
221.203.97.71,2025-05-05 10:02:13,/blog/post,301
125.123.166.94,2025-05-04 21:52:57,/api/user,302
88.42.247.4,2025-05-01 09:41:09,/download,200
168.219.235.156,2025-05-03 18:02:14,/login,302
187.181.238.79,2025-05-06 18:44:26,/api/admin,301
117.166.137.97,2025-05-05 05:42:51,/api/user,302
238.106.159.40,2025-05-03 10:10:35,/images/logo.png,301
147.76.169.132,2025-05-01 10:16:19,/nonexistent,404
163.38.52.35,2025-05-03 02:34:53,/about.html,302
45.78.56.107,2025-05-07 17:36:08,/images/banner.jpg,301
59.6.196.131,2025-05-07 23:02:27,/images/banner.jpg,200
132.47.68.119,2025-05-05 03:14:03,/api/user,301
192.136.220.156,2025-05-04 21:24:19,/api/data,400
119.242.225.159,2025-05-07 10:55:05,/api/data,502
46.28.249.209,2025-05-05 14:35:48,/admin,500
186.13.167.71,2025-05-02 10:57:36,/api/data,401
185.61.182.43,2025-05-04 19:19:23,/admin,404
209.56.135.249,2025-05-03 14:41:15,/dashboard,302
44.103.58.218,2025-05-05 18:03:51,/images/banner.jpg,302
166.174.47.45,2025-05-02 12:20:48,/secret,502
194.181.252.96,2025-05-04 03:15:50,/blog/post,302
215.21.40.130,2025-05-01 14:00:00,/nonexistent,400
156.79.190.2,2025-05-02 22:06:23,/blog,200
1.210.124.195,2025-05-05 12:03:20,/about.html,302
80.45.71.135,2025-05-04 19:50:58,/css/styles.css,302
211.23.162.163,2025-05-07 06:15:56,/api/update,400
197.129.50.193,2025-05-01 21:54:39,/api/data,502
170.187.83.39,2025-05-01 01:19:49,/api/delete,403
241.177.123.61,2025-05-05 21:25:10,/index.html,200
200.235.72.231,2025-05-01 13:12:09,/dashboard,302
129.130.253.209,2025-05-07 14:46:17,/login,302
171.34.1.141,2025-05-01 19:03:03,/js/app.js,200
6.215.158.239,2025-05-04 06:54:03,/fonts/font.woff,302
203.53.113.94,2025-05-01 10:01:23,/upload,401
89.35.4.115,2025-05-02 09:35:04,/api/data,401
217.88.70.112,2025-05-05 01:00:51,/fonts/font.woff,302
173.44.168.224,2025-05-07 01:04:01,/admin,400
43.210.95.31,2025-05-02 20:19:19,/dashboard,302
101.213.178.70,2025-05-07 02:33:40,/index.html,301
224.175.71.152,2025-05-02 16:03:42,/blog,301
95.16.73.133,2025-05-06 13:22:00,/index.html,200
36.32.130.210,2025-05-04 16:23:48,/services.html,301
221.199.27.61,2025-05-02 09:39:39,/api/admin,302
91.167.91.11,2025-05-06 11:57:57,/api/delete,500
207.34.176.64,2025-05-01 22:34:23,/logout,200
39.125.95.9,2025-05-07 02:53:46,/search,301
175.149.47.180,2025-05-03 03:05:10,/login,200
198.59.0.254,2025-05-03 10:55:35,/login,301
80.134.179.179,2025-05-07 23:37:31,/contact.html,301
120.140.16.128,2025-05-07 23:47:44,/blog/post,301
132.189.138.97,2025-05-07 01:44:50,/download,302
218.195.46.232,2025-05-06 06:40:50,/fonts/font.woff,302
54.152.5.3,2025-05-02 09:59:45,/blog/post,302
124.229.170.121,2025-05-04 05:09:21,/contact.html,302
166.225.218.87,2025-05-06 22:48:24,/about.html,200
160.65.187.238,2025-05-01 02:47:42,/api/create,200
239.203.237.192,2025-05-02 06:21:20,/api/delete,500
68.67.90.15,2025-05-03 22:20:25,/dashboard,301
65.168.216.18,2025-05-01 16:04:37,/download,200
80.57.157.183,2025-05-02 11:07:54,/nonexistent,401
50.7.78.31,2025-05-02 03:23:49,/api/delete,400
90.178.72.118,2025-05-04 01:58:52,/api/delete,400
157.162.108.254,2025-05-02 20:06:26,/images/logo.png,302
129.247.88.177,2025-05-07 14:57:30,/admin,400
196.50.115.47,2025-05-05 03:28:12,/api/data,500
174.188.40.176,2025-05-01 23:26:20,/api/data,404
45.251.5.168,2025-05-05 12:43:01,/admin,401
11.123.175.172,2025-05-06 00:26:05,/css/styles.css,302
201.169.155.118,2025-05-01 22:35:46,/services.html,301
165.132.204.104,2025-05-03 00:57:52,/api/delete,400
182.67.88.171,2025-05-06 12:44:06,/admin,403
100.11.237.87,2025-05-07 06:37:47,/api/create,302
129.187.231.140,2025-05-04 02:37:04,/api/user,301
126.56.188.35,2025-05-01 04:36:20,/api/delete,503
93.221.24.40,2025-05-06 15:56:25,/api/update,502
145.248.226.65,2025-05-03 17:02:46,/admin,503
183.11.250.119,2025-05-07 09:16:42,/api/admin,302
232.181.152.233,2025-05-04 04:37:30,/logout,301
58.48.170.128,2025-05-03 23:11:45,/api/delete,500
107.90.251.235,2025-05-02 08:51:33,/api/delete,503
18.20.248.134,2025-05-03 09:31:30,/admin,503
118.237.85.235,2025-05-06 21:22:34,/api/data,503
58.57.151.67,2025-05-03 20:02:42,/admin,401
187.89.223.163,2025-05-07 05:33:52,/blog,301
37.103.145.178,2025-05-07 00:51:48,/secret,500
46.43.175.151,2025-05-07 07:05:16,/admin,500
79.247.242.162,2025-05-05 08:12:16,/services.html,302
191.55.82.206,2025-05-02 03:41:22,/dashboard,301
170.244.81.252,2025-05-07 14:16:19,/api/admin,301
3.237.231.66,2025-05-04 20:45:34,/images/logo.png,302
75.130.247.142,2025-05-05 00:13:18,/api/delete,401
243.177.59.87,2025-05-06 06:21:50,/fonts/font.woff,302
208.198.249.105,2025-05-06 01:39:28,/about.html,302
223.152.127.89,2025-05-03 07:42:35,/api/create,301
91.44.179.188,2025-05-01 18:56:21,/login,200
109.155.64.5,2025-05-07 12:03:35,/logout,200
42.50.126.218,2025-05-07 12:28:16,/search,200
106.61.149.72,2025-05-07 23:42:54,/products.html,302
217.4.40.31,2025-05-07 02:35:44,/index.html,301
193.77.63.247,2025-05-06 05:28:44,/blog/post,301
238.117.169.114,2025-05-02 05:29:34,/api/user,302
143.53.184.160,2025-05-03 07:18:03,/dashboard,200
54.38.36.48,2025-05-07 15:35:56,/login,302
250.168.29.13,2025-05-03 00:28:14,/search,200
69.93.12.76,2025-05-06 16:43:57,/search,301
224.200.39.173,2025-05-04 18:46:47,/images/banner.jpg,301
32.211.235.68,2025-05-01 22:29:43,/index.html,200
135.123.96.170,2025-05-04 09:38:15,/api/data,503
180.42.165.138,2025-05-06 00:20:59,/nonexistent,401
28.203.18.38,2025-05-05 14:10:43,/api/admin,302
109.45.197.155,2025-05-02 23:03:07,/download,301
228.21.191.149,2025-05-02 00:50:38,/api/update,502
92.140.199.31,2025-05-03 09:06:53,/api/delete,502
89.144.32.60,2025-05-01 22:13:38,/contact.html,301
177.132.44.243,2025-05-05 12:38:16,/products.html,301
43.18.127.73,2025-05-07 21:37:33,/contact.html,301
190.13.74.221,2025-05-01 16:24:41,/api/update,502
229.67.58.23,2025-05-03 05:23:26,/login,301
80.254.244.91,2025-05-06 17:47:39,/search,301
51.83.24.191,2025-05-02 08:11:06,/images/banner.jpg,302
128.71.125.245,2025-05-06 18:19:30,/api/create,200
252.17.243.172,2025-05-03 06:34:12,/api/update,502
65.168.229.246,2025-05-06 05:50:49,/api/admin,200
254.208.108.35,2025-05-02 10:09:19,/css/styles.css,302
1.246.57.152,2025-05-05 16:49:44,/images/logo.png,200
116.25.204.220,2025-05-06 22:03:21,/api/data,502
155.39.166.81,2025-05-04 07:15:08,/contact.html,301
32.156.242.65,2025-05-06 19:30:31,/api/update,503
253.31.204.191,2025-05-07 16:51:26,/blog,301
59.87.169.170,2025-05-01 07:10:56,/api/data,400
65.93.183.146,2025-05-04 13:05:14,/index.html,302
162.133.235.254,2025-05-05 16:28:51,/secret,502
200.116.102.182,2025-05-07 08:06:29,/api/user,301
86.18.128.223,2025-05-02 01:47:17,/dashboard,200
203.226.70.136,2025-05-07 15:34:23,/products.html,301
226.223.233.128,2025-05-04 09:41:48,/blog/post,301
107.91.191.135,2025-05-02 04:28:14,/api/update,500
104.227.66.139,2025-05-04 14:19:10,/fonts/font.woff,302
228.137.61.31,2025-05-02 10:51:03,/products.html,200
53.83.157.8,2025-05-04 00:50:06,/admin,403
234.37.134.222,2025-05-06 02:05:09,/api/data,502
21.252.140.147,2025-05-06 07:18:44,/api/update,502
157.64.146.88,2025-05-02 03:59:15,/api/create,301
241.150.27.238,2025-05-06 16:15:54,/contact.html,200
244.254.129.116,2025-05-01 15:02:44,/nonexistent,503
240.135.229.2,2025-05-04 09:41:25,/index.html,302
8.139.215.57,2025-05-03 01:53:36,/api/data,404
173.233.154.148,2025-05-05 18:13:40,/admin,403
141.39.240.29,2025-05-06 04:58:43,/js/app.js,200
196.176.234.217,2025-05-03 10:52:47,/api/create,301
91.73.26.133,2025-05-07 21:10:50,/about.html,301
92.160.46.99,2025-05-01 11:34:47,/contact.html,302
146.61.27.132,2025-05-01 00:47:53,/fonts/font.woff,302
187.159.150.12,2025-05-06 13:13:22,/api/delete,502
16.109.61.103,2025-05-07 11:42:51,/admin,502
241.21.3.187,2025-05-06 08:38:22,/secret,401
145.71.171.21,2025-05-05 19:12:37,/index.html,302
200.192.157.199,2025-05-04 02:23:49,/api/update,404
6.72.9.223,2025-05-05 10:27:04,/api/data,403
236.27.193.136,2025-05-03 16:24:01,/css/styles.css,302
224.53.56.248,2025-05-02 13:46:25,/download,200
76.21.2.76,2025-05-07 16:41:27,/fonts/font.woff,302
230.176.221.130,2025-05-06 16:00:20,/js/app.js,200
173.227.201.68,2025-05-05 08:51:50,/api/admin,302
141.199.68.234,2025-05-05 09:56:00,/images/banner.jpg,200
165.246.95.19,2025-05-03 16:08:15,/api/delete,502
19.185.31.94,2025-05-06 07:04:05,/api/data,404
116.229.52.37,2025-05-01 03:44:37,/api/update,400
217.45.76.212,2025-05-02 10:46:53,/blog,301
22.225.137.221,2025-05-03 22:35:35,/api/admin,301
26.9.138.7,2025-05-07 18:09:13,/contact.html,302
14.162.133.52,2025-05-07 17:43:40,/images/logo.png,200
89.49.58.116,2025-05-03 05:34:33,/blog/post,301
246.211.145.73,2025-05-01 05:23:39,/products.html,301
231.92.220.232,2025-05-02 01:30:48,/admin,500
233.244.32.133,2025-05-06 19:52:02,/images/logo.png,301
13.230.167.187,2025-05-02 21:53:32,/css/styles.css,302
189.41.6.75,2025-05-04 18:07:12,/nonexistent,503
156.174.176.161,2025-05-04 20:57:59,/blog/post,200
239.14.56.219,2025-05-04 20:48:38,/api/update,403
106.241.111.117,2025-05-07 16:37:56,/index.html,200
92.227.246.34,2025-05-02 06:58:45,/admin,502
129.241.59.95,2025-05-02 13:51:47,/blog,200
105.113.227.44,2025-05-05 21:23:47,/api/update,400
117.129.48.77,2025-05-01 23:18:51,/api/delete,403
168.140.8.161,2025-05-03 22:48:25,/nonexistent,404
51.240.197.32,2025-05-06 06:43:28,/api/delete,403
222.250.152.172,2025-05-02 19:05:02,/api/data,400
104.42.152.162,2025-05-06 03:00:09,/about.html,302
83.189.232.138,2025-05-02 15:20:19,/api/update,403
224.169.177.248,2025-05-02 18:54:14,/services.html,301
250.90.152.95,2025-05-02 17:49:40,/blog/post,301
33.88.177.32,2025-05-05 10:12:31,/api/data,400
147.107.186.248,2025-05-02 11:25:19,/api/data,403
3.74.180.145,2025-05-01 09:07:30,/images/banner.jpg,301
158.95.49.194,2025-05-07 10:16:52,/api/admin,302
168.210.102.233,2025-05-02 06:33:08,/search,301
171.149.135.114,2025-05-04 14:07:41,/about.html,200
112.42.15.87,2025-05-01 06:05:52,/download,200
213.91.133.245,2025-05-04 09:00:37,/api/data,400
35.136.199.203,2025-05-01 09:16:19,/products.html,200
156.98.93.111,2025-05-03 23:06:26,/images/banner.jpg,200
172.72.244.211,2025-05-03 19:37:18,/api/data,502
137.81.12.193,2025-05-01 23:06:06,/api/admin,200
236.218.171.187,2025-05-06 02:32:21,/admin,500
233.136.111.128,2025-05-01 13:39:30,/api/update,404
166.208.169.82,2025-05-03 22:57:38,/api/update,502
142.171.203.213,2025-05-01 20:43:13,/css/styles.css,301
18.233.165.9,2025-05-03 20:53:16,/logout,301
33.79.231.229,2025-05-04 12:56:35,/login,200
28.161.154.73,2025-05-07 03:35:55,/js/app.js,200
15.15.167.188,2025-05-03 02:10:35,/services.html,301
117.236.0.220,2025-05-04 01:20:07,/services.html,302
111.6.216.250,2025-05-01 03:59:26,/secret,403
216.68.37.161,2025-05-05 15:37:38,/nonexistent,401
19.39.248.182,2025-05-03 00:58:12,/api/create,200
120.85.158.179,2025-05-01 03:34:12,/api/update,401
240.58.164.75,2025-05-07 07:20:35,/about.html,200
206.123.221.113,2025-05-02 22:36:09,/blog,200
65.94.145.250,2025-05-02 02:43:39,/services.html,301
254.122.119.90,2025-05-04 16:33:33,/blog/post,302
12.209.120.32,2025-05-01 10:07:49,/api/data,502
167.112.218.89,2025-05-06 19:38:54,/admin,401
74.3.82.175,2025-05-02 17:23:02,/services.html,301
82.84.199.214,2025-05-04 04:11:58,/logout,302
149.119.91.231,2025-05-02 08:43:42,/js/app.js,302
13.229.130.193,2025-05-05 17:05:45,/js/app.js,200
117.216.127.120,2025-05-02 10:56:12,/admin,404
97.28.175.25,2025-05-06 05:54:39,/images/banner.jpg,301
207.167.225.51,2025-05-04 15:00:30,/index.html,302
254.67.58.144,2025-05-04 10:52:12,/dashboard,200
174.3.29.207,2025-05-05 09:57:57,/download,302
225.59.150.25,2025-05-03 07:08:16,/api/data,400
234.163.177.202,2025-05-04 10:50:48,/fonts/font.woff,302
156.136.51.205,2025-05-06 06:58:53,/blog/post,301
136.198.99.80,2025-05-04 03:09:33,/about.html,200
1.235.78.47,2025-05-05 05:01:16,/api/delete,500
215.198.160.141,2025-05-03 04:19:04,/api/delete,401
85.229.224.116,2025-05-01 20:15:00,/admin,401
46.12.25.70,2025-05-06 13:36:08,/logout,301
71.99.37.217,2025-05-02 12:33:00,/api/delete,503
28.75.189.6,2025-05-03 13:02:58,/api/update,403
229.173.147.86,2025-05-07 13:06:12,/api/data,404
68.174.190.138,2025-05-02 20:53:51,/blog/post,200
131.111.154.168,2025-05-05 08:41:59,/admin,503
179.19.126.240,2025-05-04 01:04:32,/admin,503
254.129.91.99,2025-05-05 10:58:04,/login,301
39.185.28.23,2025-05-05 08:23:00,/login,200
127.213.33.4,2025-05-06 20:20:27,/api/data,500
43.99.75.15,2025-05-03 14:32:27,/api/user,200
59.130.179.171,2025-05-05 03:25:56,/login,200
151.11.140.49,2025-05-05 16:52:35,/login,302
183.138.104.169,2025-05-05 00:49:22,/api/delete,404
120.196.206.125,2025-05-04 21:36:57,/js/app.js,200
225.231.13.53,2025-05-02 02:19:25,/api/update,502
